{"1": 8.778089887640449e-05, "2": 0.000108038029386344, "3": 0.000918323249783924, "4": 0.000918323249783924, "5": 0.0011411516853932584, "6": 0.0011884183232497838, "7": 0.0012626944684528954, "8": 0.0012761992221261883, "9": 0.0012761992221261883, "10": 0.001336970613656007}
{"1": 0.0001914298336032985, "10": 0.00029156236194963924, "20": 0.0023428066558680606, "30": 0.0029656898836695625, "40": 0.005704240907082904, "50": 0.005620968929465469, "60": 0.005095469493938055, "70": 0.004485768979952458, "80": 0.004417795611839199, "90": 0.00400530113385363, "100": 0.003916507141805331}