{"1": 0.31350287209082817, "2": 0.3412394487743049, "3": 0.3619980583047922, "4": 0.37649335239071224, "5": 0.38895930530460343, "6": 0.40126345028451227, "7": 0.413715919203905, "8": 0.4242873708907527, "9": 0.4375825894663035, "10": 0.4468798036730401}
{"1": 0.6835119283855889, "10": 0.0974305831165204, "20": 0.05545560112301745, "30": 0.04059472887360174, "40": 0.032934618041775075, "50": 0.027715894224691683, "60": 0.024066969469800532, "70": 0.02123443724184563, "80": 0.019031581190927665, "90": 0.0172057183081569, "100": 0.015730475812497244}